{
"lengthUnit": "mil",
"components": {
	"fields": ["COMPONENT_NO", "COMPONENT_NAME", "LAYER", "X_COORDINATE", "Y_COORDINATE", "ANGLE"],
	"rows": [
		[1, "BAT", "T", 4205, -545, 90],
		[2, "BTN1", "T", 511.82, -2795, 0],
		[3, "BTN2", "T", 1338.59, -2795, 0],
		[4, "BTN3", "T", 2165.35, -2795, 0],
		[5, "BTN4", "T", 2992.12, -2795, 0],
		[6, "BTN5", "T", 3818.89, -2795, 0],
		[7, "C1", "T", 3975, -380, 270],
		[8, "C2", "T", 3975, -715, 270],
		[9, "D1", "T", 3750, -240, 270],
		[10, "D2", "T", 3885, -1990, 0],
		[11, "D3", "T", 4165, -1990, 0],
		[12, "D4", "T", 4156.78, -2365, 270],
		[13, "D5", "T", 3338.39, -2365, 270],
		[14, "D6", "T", 2520, -2365, 270],
		[15, "D7", "T", 1701.61, -2365, 270],
		[16, "D8", "T", 883.22, -2365, 270],
		[17, "D9", "T", 236.22, -1890, 270],
		[18, "Q1", "T", 1680, -220, 90],
		[19, "R1", "T", 3745.1, -725, 270],
		[20, "R2", "T", 3745.09, -1310, 90],
		[21, "R3", "T", 4190, -1560, 90],
		[22, "R4", "T", 4005, -1560, 90],
		[23, "R5", "T", 665, -1725, 180],
		[24, "RPI-PICO", "T", 3145, -1020, 270],
		[25, "SDCARD", "T", 375, -1050, 270],
		[26, "SPEAKER", "T", 1140, -315, 0],
		[27, "SW", "T", 4330, -160, 180],
		[28, "TP4056", "T", 4035, -1100, 180],
		[29, "U10", "T", 2185, -2035, 90]
	]
},
"pins": {
	"fields": ["PIN_NO", "PIN_NAME", "PIN_X", "PIN_Y", "LAYER", "PIN_TYPE", "NET_NAME", "NET_TYPE", "PAD_SHAPE", "PAD_SIZEX", "PAD_SIZEY", "HOLE_SIZE", "PAD_ANGLE"],
	"rows": [
		[1, "BAT_1", 4205, -495, "T", "DIP", "GND", "GND", "R", 66, 66, 35.43, 270],
		[2, "BAT_1", 4205, -495, "B", "DIP", "GND", "GND", "R", 66, 66, 35.43, 270],
		[3, "BAT_2", 4205, -595, "T", "DIP", "$1N4252", "", "R", 66, 66, 35.43, 270],
		[4, "BAT_2", 4205, -595, "B", "DIP", "$1N4252", "", "R", 66, 66, 35.43, 270],
		[5, "BTN1_1", 265.76, -2696.58, "T", "DIP", "BTN1", "", "C", 98.42, 98.42, 59.06, 180],
		[6, "BTN1_1", 265.76, -2696.58, "B", "DIP", "BTN1", "", "C", 98.42, 98.42, 59.06, 180],
		[7, "BTN1_2", 757.88, -2696.58, "T", "DIP", "$1N4057", "", "C", 98.42, 98.42, 59.06, 180],
		[8, "BTN1_2", 757.88, -2696.58, "B", "DIP", "$1N4057", "", "C", 98.42, 98.42, 59.06, 180],
		[9, "BTN1_3", 265.76, -2893.42, "T", "DIP", "VCC", "", "C", 98.42, 98.42, 59.06, 180],
		[10, "BTN1_3", 265.76, -2893.42, "B", "DIP", "VCC", "", "C", 98.42, 98.42, 59.06, 180],
		[11, "BTN1_4", 757.88, -2893.42, "T", "DIP", "$1N1830", "", "C", 98.42, 98.42, 59.06, 180],
		[12, "BTN1_4", 757.88, -2893.42, "B", "DIP", "$1N1830", "", "C", 98.42, 98.42, 59.06, 180],
		[13, "BTN2_1", 1092.53, -2696.58, "T", "DIP", "BTN2", "", "C", 98.42, 98.42, 59.06, 180],
		[14, "BTN2_1", 1092.53, -2696.58, "B", "DIP", "BTN2", "", "C", 98.42, 98.42, 59.06, 180],
		[15, "BTN2_2", 1584.65, -2696.58, "T", "DIP", "$1N4112", "", "C", 98.42, 98.42, 59.06, 180],
		[16, "BTN2_2", 1584.65, -2696.58, "B", "DIP", "$1N4112", "", "C", 98.42, 98.42, 59.06, 180],
		[17, "BTN2_3", 1092.53, -2893.42, "T", "DIP", "$1N1830", "", "C", 98.42, 98.42, 59.06, 180],
		[18, "BTN2_3", 1092.53, -2893.42, "B", "DIP", "$1N1830", "", "C", 98.42, 98.42, 59.06, 180],
		[19, "BTN2_4", 1584.65, -2893.42, "T", "DIP", "$1N1833", "", "C", 98.42, 98.42, 59.06, 180],
		[20, "BTN2_4", 1584.65, -2893.42, "B", "DIP", "$1N1833", "", "C", 98.42, 98.42, 59.06, 180],
		[21, "BTN3_1", 1919.29, -2696.58, "T", "DIP", "BTN3", "", "C", 98.42, 98.42, 59.06, 180],
		[22, "BTN3_1", 1919.29, -2696.58, "B", "DIP", "BTN3", "", "C", 98.42, 98.42, 59.06, 180],
		[23, "BTN3_2", 2411.41, -2696.58, "T", "DIP", "$1N4156", "", "C", 98.42, 98.42, 59.06, 180],
		[24, "BTN3_2", 2411.41, -2696.58, "B", "DIP", "$1N4156", "", "C", 98.42, 98.42, 59.06, 180],
		[25, "BTN3_3", 1919.29, -2893.42, "T", "DIP", "$1N1833", "", "C", 98.42, 98.42, 59.06, 180],
		[26, "BTN3_3", 1919.29, -2893.42, "B", "DIP", "$1N1833", "", "C", 98.42, 98.42, 59.06, 180],
		[27, "BTN3_4", 2411.41, -2893.42, "T", "DIP", "$1N1836", "", "C", 98.42, 98.42, 59.06, 180],
		[28, "BTN3_4", 2411.41, -2893.42, "B", "DIP", "$1N1836", "", "C", 98.42, 98.42, 59.06, 180],
		[29, "BTN4_1", 2746.06, -2696.58, "T", "DIP", "BTN4", "", "C", 98.42, 98.42, 59.06, 180],
		[30, "BTN4_1", 2746.06, -2696.58, "B", "DIP", "BTN4", "", "C", 98.42, 98.42, 59.06, 180],
		[31, "BTN4_2", 3238.18, -2696.58, "T", "DIP", "$1N4199", "", "C", 98.42, 98.42, 59.06, 180],
		[32, "BTN4_2", 3238.18, -2696.58, "B", "DIP", "$1N4199", "", "C", 98.42, 98.42, 59.06, 180],
		[33, "BTN4_3", 2746.06, -2893.42, "T", "DIP", "$1N1836", "", "C", 98.42, 98.42, 59.06, 180],
		[34, "BTN4_3", 2746.06, -2893.42, "B", "DIP", "$1N1836", "", "C", 98.42, 98.42, 59.06, 180],
		[35, "BTN4_4", 3238.18, -2893.42, "T", "DIP", "$1N1842", "", "C", 98.42, 98.42, 59.06, 180],
		[36, "BTN4_4", 3238.18, -2893.42, "B", "DIP", "$1N1842", "", "C", 98.42, 98.42, 59.06, 180],
		[37, "BTN5_1", 3572.83, -2696.58, "T", "DIP", "BTN5", "", "C", 98.42, 98.42, 59.06, 180],
		[38, "BTN5_1", 3572.83, -2696.58, "B", "DIP", "BTN5", "", "C", 98.42, 98.42, 59.06, 180],
		[39, "BTN5_2", 4064.95, -2696.58, "T", "DIP", "$1N4241", "", "C", 98.42, 98.42, 59.06, 180],
		[40, "BTN5_2", 4064.95, -2696.58, "B", "DIP", "$1N4241", "", "C", 98.42, 98.42, 59.06, 180],
		[41, "BTN5_3", 3572.83, -2893.42, "T", "DIP", "$1N1842", "", "C", 98.42, 98.42, 59.06, 180],
		[42, "BTN5_3", 3572.83, -2893.42, "B", "DIP", "$1N1842", "", "C", 98.42, 98.42, 59.06, 180],
		[43, "BTN5_4", 4064.95, -2893.42, "T", "DIP", "BTN5_4", "", "C", 98.42, 98.42, 59.06, 180],
		[44, "BTN5_4", 4064.95, -2893.42, "B", "DIP", "BTN5_4", "", "C", 98.42, 98.42, 59.06, 180],
		[45, "C1_1", 3975, -330, "T", "DIP", "$1N4252", "", "C", 59.05, 59.05, 35.43, 270],
		[46, "C1_1", 3975, -330, "B", "DIP", "$1N4252", "", "C", 59.05, 59.05, 35.43, 270],
		[47, "C1_2", 3975, -430, "T", "DIP", "GND", "GND", "C", 59.05, 59.05, 35.43, 270],
		[48, "C1_2", 3975, -430, "B", "DIP", "GND", "GND", "C", 59.05, 59.05, 35.43, 270],
		[49, "C2_1", 3975, -665, "T", "DIP", "$1N3824", "", "C", 59.05, 59.05, 35.43, 270],
		[50, "C2_1", 3975, -665, "B", "DIP", "$1N3824", "", "C", 59.05, 59.05, 35.43, 270],
		[51, "C2_2", 3975, -765, "T", "DIP", "GND", "GND", "C", 59.05, 59.05, 35.43, 270],
		[52, "C2_2", 3975, -765, "B", "DIP", "GND", "GND", "C", 59.05, 59.05, 35.43, 270],
		[53, "D1_1", 3750, -68.74, "T", "DIP", "$1N4271", "", "C", 70.87, 70.87, 43.31, 90],
		[54, "D1_1", 3750, -68.74, "B", "DIP", "$1N4271", "", "C", 70.87, 70.87, 43.31, 90],
		[55, "D1_2", 3750, -411.26, "T", "DIP", "VBAT", "", "C", 70.87, 70.87, 43.31, 90],
		[56, "D1_2", 3750, -411.26, "B", "DIP", "VBAT", "", "C", 70.87, 70.87, 43.31, 90],
		[57, "D2_1", 3840.12, -1990, "T", "DIP", "$1N3824", "", "C", 60, 60, 35.43, 0],
		[58, "D2_1", 3840.12, -1990, "B", "DIP", "$1N3824", "", "C", 60, 60, 35.43, 0],
		[59, "D2_2", 3929.88, -1990, "T", "DIP", "$1N5419", "", "C", 60, 60, 35.43, 0],
		[60, "D2_2", 3929.88, -1990, "B", "DIP", "$1N5419", "", "C", 60, 60, 35.43, 0],
		[61, "D3_1", 4120.12, -1990, "T", "DIP", "$1N3824", "", "C", 60, 60, 35.43, 0],
		[62, "D3_1", 4120.12, -1990, "B", "DIP", "$1N3824", "", "C", 60, 60, 35.43, 0],
		[63, "D3_2", 4209.88, -1990, "T", "DIP", "$1N3712", "", "C", 60, 60, 35.43, 0],
		[64, "D3_2", 4209.88, -1990, "B", "DIP", "$1N3712", "", "C", 60, 60, 35.43, 0],
		[65, "D4_1", 4156.78, -2207.52, "T", "DIP", "WAKE", "", "C", 62.99, 62.99, 31.5, 90],
		[66, "D4_1", 4156.78, -2207.52, "B", "DIP", "WAKE", "", "C", 62.99, 62.99, 31.5, 90],
		[67, "D4_2", 4156.78, -2522.48, "T", "DIP", "$1N4241", "", "C", 62.99, 62.99, 31.5, 90],
		[68, "D4_2", 4156.78, -2522.48, "B", "DIP", "$1N4241", "", "C", 62.99, 62.99, 31.5, 90],
		[69, "D5_1", 3338.39, -2207.52, "T", "DIP", "WAKE", "", "C", 62.99, 62.99, 31.5, 90],
		[70, "D5_1", 3338.39, -2207.52, "B", "DIP", "WAKE", "", "C", 62.99, 62.99, 31.5, 90],
		[71, "D5_2", 3338.39, -2522.48, "T", "DIP", "$1N4199", "", "C", 62.99, 62.99, 31.5, 90],
		[72, "D5_2", 3338.39, -2522.48, "B", "DIP", "$1N4199", "", "C", 62.99, 62.99, 31.5, 90],
		[73, "D6_1", 2520, -2207.52, "T", "DIP", "WAKE", "", "C", 62.99, 62.99, 31.5, 90],
		[74, "D6_1", 2520, -2207.52, "B", "DIP", "WAKE", "", "C", 62.99, 62.99, 31.5, 90],
		[75, "D6_2", 2520, -2522.48, "T", "DIP", "$1N4156", "", "C", 62.99, 62.99, 31.5, 90],
		[76, "D6_2", 2520, -2522.48, "B", "DIP", "$1N4156", "", "C", 62.99, 62.99, 31.5, 90],
		[77, "D7_1", 1701.61, -2207.52, "T", "DIP", "WAKE", "", "C", 62.99, 62.99, 31.5, 90],
		[78, "D7_1", 1701.61, -2207.52, "B", "DIP", "WAKE", "", "C", 62.99, 62.99, 31.5, 90],
		[79, "D7_2", 1701.61, -2522.48, "T", "DIP", "$1N4112", "", "C", 62.99, 62.99, 31.5, 90],
		[80, "D7_2", 1701.61, -2522.48, "B", "DIP", "$1N4112", "", "C", 62.99, 62.99, 31.5, 90],
		[81, "D8_1", 883.23, -2207.52, "T", "DIP", "WAKE", "", "C", 62.99, 62.99, 31.5, 90],
		[82, "D8_1", 883.23, -2207.52, "B", "DIP", "WAKE", "", "C", 62.99, 62.99, 31.5, 90],
		[83, "D8_2", 883.23, -2522.48, "T", "DIP", "$1N4057", "", "C", 62.99, 62.99, 31.5, 90],
		[84, "D8_2", 883.23, -2522.48, "B", "DIP", "$1N4057", "", "C", 62.99, 62.99, 31.5, 90],
		[85, "D9_1", 236.22, -1845.12, "T", "DIP", "$1N12951", "", "C", 60, 60, 35.43, 270],
		[86, "D9_1", 236.22, -1845.12, "B", "DIP", "$1N12951", "", "C", 60, 60, 35.43, 270],
		[87, "D9_2", 236.22, -1934.88, "T", "DIP", "GND", "GND", "C", 60, 60, 35.43, 270],
		[88, "D9_2", 236.22, -1934.88, "B", "DIP", "GND", "GND", "C", 60, 60, 35.43, 270],
		[89, "Q1_1", 1680, -279.04, "T", "DIP", "GND1", "", "R", 39.37, 62.99, 27.56, 90],
		[90, "Q1_1", 1680, -279.04, "B", "DIP", "GND1", "", "R", 39.37, 62.99, 27.56, 90],
		[91, "Q1_2", 1680, -220, "T", "DIP", "AUDIO", "", "O", 39.37, 62.99, 27.56, 90],
		[92, "Q1_2", 1680, -220, "B", "DIP", "AUDIO", "", "O", 39.37, 62.99, 27.56, 90],
		[93, "Q1_3", 1680, -160.96, "T", "DIP", "$1N5049", "", "O", 39.37, 62.99, 27.56, 90],
		[94, "Q1_3", 1680, -160.96, "B", "DIP", "$1N5049", "", "O", 39.37, 62.99, 27.56, 90],
		[95, "R1_1", 3745.1, -530.71, "T", "DIP", "VBUS", "", "C", 49.02, 49.02, 32.68, 270],
		[96, "R1_1", 3745.1, -530.71, "B", "DIP", "VBUS", "", "C", 49.02, 49.02, 32.68, 270],
		[97, "R1_2", 3745.1, -919.29, "T", "DIP", "$1N3824", "", "C", 49.02, 49.02, 32.68, 90],
		[98, "R1_2", 3745.1, -919.29, "B", "DIP", "$1N3824", "", "C", 49.02, 49.02, 32.68, 90],
		[99, "R2_1", 3745.09, -1504.29, "T", "DIP", "GND", "GND", "C", 49.02, 49.02, 32.68, 90],
		[100, "R2_1", 3745.09, -1504.29, "B", "DIP", "GND", "GND", "C", 49.02, 49.02, 32.68, 90],
		[101, "R2_2", 3745.09, -1115.71, "T", "DIP", "$1N2801", "", "C", 49.02, 49.02, 32.68, 270],
		[102, "R2_2", 3745.09, -1115.71, "B", "DIP", "$1N2801", "", "C", 49.02, 49.02, 32.68, 270],
		[103, "R3_1", 4190, -1754.29, "T", "DIP", "$1N3712", "", "C", 49.02, 49.02, 32.68, 90],
		[104, "R3_1", 4190, -1754.29, "B", "DIP", "$1N3712", "", "C", 49.02, 49.02, 32.68, 90],
		[105, "R3_2", 4190, -1365.71, "T", "DIP", "$1N3720", "", "C", 49.02, 49.02, 32.68, 270],
		[106, "R3_2", 4190, -1365.71, "B", "DIP", "$1N3720", "", "C", 49.02, 49.02, 32.68, 270],
		[107, "R4_1", 4005, -1754.29, "T", "DIP", "$1N5419", "", "C", 49.02, 49.02, 32.68, 90],
		[108, "R4_1", 4005, -1754.29, "B", "DIP", "$1N5419", "", "C", 49.02, 49.02, 32.68, 90],
		[109, "R4_2", 4005, -1365.71, "T", "DIP", "$1N3716", "", "C", 49.02, 49.02, 32.68, 270],
		[110, "R4_2", 4005, -1365.71, "B", "DIP", "$1N3716", "", "C", 49.02, 49.02, 32.68, 270],
		[111, "R5_1", 859.29, -1725, "T", "DIP", "PROG_LED", "", "C", 49.02, 49.02, 32.68, 180],
		[112, "R5_1", 859.29, -1725, "B", "DIP", "PROG_LED", "", "C", 49.02, 49.02, 32.68, 180],
		[113, "R5_2", 470.71, -1725, "T", "DIP", "$1N12951", "", "C", 49.02, 49.02, 32.68, 0],
		[114, "R5_2", 470.71, -1725, "B", "DIP", "$1N12951", "", "C", 49.02, 49.02, 32.68, 0],
		[115, "RPI-PICO_1", 2747.86, -57.59, "T", "SMD", "RPI-PICO_1", "", "R", 62.99, 125.98, 0, 270],
		[116, "RPI-PICO_2", 2747.86, -157.59, "T", "SMD", "AUDIO", "", "R", 62.99, 125.98, 0, 270],
		[117, "RPI-PICO_3", 2747.86, -257.59, "T", "SMD", "GND1", "", "R", 62.99, 125.98, 0, 270],
		[118, "RPI-PICO_4", 2747.86, -357.59, "T", "SMD", "SD_SPI_SCK", "", "R", 62.99, 125.98, 0, 270],
		[119, "RPI-PICO_5", 2747.86, -457.59, "T", "SMD", "SD_SPI_MOSI", "", "R", 62.99, 125.98, 0, 270],
		[120, "RPI-PICO_6", 2747.86, -557.59, "T", "SMD", "SD_SPI_MISO", "", "R", 62.99, 125.98, 0, 270],
		[121, "RPI-PICO_7", 2747.86, -657.59, "T", "SMD", "SD_SPI_CS", "", "R", 62.99, 125.98, 0, 270],
		[122, "RPI-PICO_8", 2747.86, -757.59, "T", "SMD", "RPI-PICO_8", "", "R", 62.99, 125.98, 0, 270],
		[123, "RPI-PICO_9", 2747.86, -857.59, "T", "SMD", "RPI-PICO_9", "", "R", 62.99, 125.98, 0, 270],
		[124, "RPI-PICO_10", 2747.86, -957.59, "T", "SMD", "RPI-PICO_10", "", "R", 62.99, 125.98, 0, 270],
		[125, "RPI-PICO_11", 2747.86, -1057.59, "T", "SMD", "RPI-PICO_11", "", "R", 62.99, 125.98, 0, 270],
		[126, "RPI-PICO_12", 2747.86, -1157.59, "T", "SMD", "PROG_LED", "", "R", 62.99, 125.98, 0, 270],
		[127, "RPI-PICO_13", 2747.86, -1257.59, "T", "SMD", "RPI-PICO_13", "", "R", 62.99, 125.98, 0, 270],
		[128, "RPI-PICO_14", 2747.86, -1357.59, "T", "SMD", "RC522_SPI_SCK", "", "R", 62.99, 125.98, 0, 270],
		[129, "RPI-PICO_15", 2747.86, -1457.59, "T", "SMD", "RC522_SPI_MOSI", "", "R", 62.99, 125.98, 0, 270],
		[130, "RPI-PICO_16", 2747.86, -1557.59, "T", "SMD", "RC522_SPI_MISO", "", "R", 62.99, 125.98, 0, 270],
		[131, "RPI-PICO_17", 2747.86, -1657.59, "T", "SMD", "RC522_SPI_CS", "", "R", 62.99, 125.98, 0, 270],
		[132, "RPI-PICO_18", 2747.86, -1757.59, "T", "SMD", "GND", "GND", "R", 62.99, 125.98, 0, 270],
		[133, "RPI-PICO_19", 2747.86, -1857.59, "T", "SMD", "RC522_RST", "", "R", 62.99, 125.98, 0, 270],
		[134, "RPI-PICO_20", 2747.86, -1957.59, "T", "SMD", "RPI-PICO_20", "", "R", 62.99, 125.98, 0, 270],
		[135, "RPI-PICO_21", 3542.14, -1957.59, "T", "SMD", "BTN1", "", "R", 62.99, 125.98, 0, 270],
		[136, "RPI-PICO_22", 3542.14, -1857.59, "T", "SMD", "BTN2", "", "R", 62.99, 125.98, 0, 270],
		[137, "RPI-PICO_23", 3542.14, -1757.59, "T", "SMD", "RPI-PICO_23", "", "R", 62.99, 125.98, 0, 270],
		[138, "RPI-PICO_24", 3542.14, -1657.59, "T", "SMD", "BTN3", "", "R", 62.99, 125.98, 0, 270],
		[139, "RPI-PICO_25", 3542.14, -1557.59, "T", "SMD", "BTN4", "", "R", 62.99, 125.98, 0, 270],
		[140, "RPI-PICO_26", 3542.14, -1457.59, "T", "SMD", "BTN5", "", "R", 62.99, 125.98, 0, 270],
		[141, "RPI-PICO_27", 3542.14, -1357.59, "T", "SMD", "WAKE", "", "R", 62.99, 125.98, 0, 270],
		[142, "RPI-PICO_28", 3542.14, -1257.59, "T", "SMD", "RPI-PICO_28", "", "R", 62.99, 125.98, 0, 270],
		[143, "RPI-PICO_29", 3542.14, -1157.59, "T", "SMD", "RPI-PICO_29", "", "R", 62.99, 125.98, 0, 270],
		[144, "RPI-PICO_30", 3542.14, -1057.59, "T", "SMD", "RPI-PICO_30", "", "R", 62.99, 125.98, 0, 270],
		[145, "RPI-PICO_31", 3542.14, -957.59, "T", "SMD", "RPI-PICO_31", "", "R", 62.99, 125.98, 0, 270],
		[146, "RPI-PICO_32", 3542.14, -857.59, "T", "SMD", "RPI-PICO_32", "", "R", 62.99, 125.98, 0, 270],
		[147, "RPI-PICO_33", 3542.14, -757.59, "T", "SMD", "RPI-PICO_33", "", "R", 62.99, 125.98, 0, 270],
		[148, "RPI-PICO_34", 3542.14, -657.59, "T", "SMD", "RPI-PICO_34", "", "R", 62.99, 125.98, 0, 270],
		[149, "RPI-PICO_35", 3542.14, -557.59, "T", "SMD", "RPI-PICO_35", "", "R", 62.99, 125.98, 0, 270],
		[150, "RPI-PICO_36", 3542.14, -457.59, "T", "SMD", "VCC", "", "R", 62.99, 125.98, 0, 270],
		[151, "RPI-PICO_37", 3542.14, -357.59, "T", "SMD", "RPI-PICO_37", "", "R", 62.99, 125.98, 0, 270],
		[152, "RPI-PICO_38", 3542.14, -257.59, "T", "SMD", "RPI-PICO_38", "", "R", 62.99, 125.98, 0, 270],
		[153, "RPI-PICO_39", 3542.14, -157.59, "T", "SMD", "VBAT", "", "R", 62.99, 125.98, 0, 270],
		[154, "RPI-PICO_40", 3542.14, -57.59, "T", "SMD", "VBUS", "", "R", 62.99, 125.98, 0, 270],
		[155, "RPI-PICO_41", 3045, -1989.09, "T", "SMD", "RPI-PICO_41", "", "R", 62.99, 125.98, 0, 0],
		[156, "RPI-PICO_42", 3145, -1989.09, "T", "SMD", "RPI-PICO_42", "", "R", 62.99, 125.98, 0, 0],
		[157, "RPI-PICO_43", 3245, -1989.09, "T", "SMD", "RPI-PICO_43", "", "R", 62.99, 125.98, 0, 0],
		[158, "RPI-PICO_TP1", 3145, -180.83, "T", "SMD", "RPI-PICO_TP1", "", "R", 59.05, 59.05, 0, 270],
		[159, "RPI-PICO_TP2", 3184.37, -50.91, "T", "SMD", "RPI-PICO_TP2", "", "R", 59.05, 59.05, 0, 270],
		[160, "RPI-PICO_TP3", 3105.63, -50.91, "T", "SMD", "RPI-PICO_TP3", "", "R", 59.05, 59.05, 0, 270],
		[161, "RPI-PICO_TP4", 3046.57, -318.62, "T", "SMD", "RPI-PICO_TP4", "", "R", 59.05, 59.05, 0, 270],
		[162, "RPI-PICO_TP5", 3046.57, -422.05, "T", "SMD", "RPI-PICO_TP5", "", "R", 59.05, 59.05, 0, 270],
		[163, "RPI-PICO_TP6", 3046.57, -515.47, "T", "SMD", "RPI-PICO_TP6", "", "R", 59.05, 59.05, 0, 270],
		[164, "SDCARD_1", 573.82, -1138.58, "T", "SMD", "SDCARD_1", "", "R", 27.56, 62.99, 0, 270],
		[165, "SDCARD_2", 573.82, -1095.27, "T", "SMD", "SD_SPI_CS", "", "R", 27.56, 62.99, 0, 270],
		[166, "SDCARD_3", 573.82, -1051.97, "T", "SMD", "SD_SPI_MOSI", "", "R", 27.56, 62.99, 0, 270],
		[167, "SDCARD_4", 573.82, -1008.66, "T", "SMD", "VCC", "", "R", 27.56, 62.99, 0, 270],
		[168, "SDCARD_5", 573.82, -965.35, "T", "SMD", "SD_SPI_SCK", "", "R", 27.56, 62.99, 0, 270],
		[169, "SDCARD_6", 573.82, -922.04, "T", "SMD", "GND1", "", "R", 27.56, 62.99, 0, 270],
		[170, "SDCARD_7", 573.82, -878.74, "T", "SMD", "SD_SPI_MISO", "", "R", 27.56, 62.99, 0, 270],
		[171, "SDCARD_8", 573.82, -835.43, "T", "SMD", "SDCARD_8", "", "R", 27.56, 62.99, 0, 270],
		[172, "SDCARD_9", 573.82, -792.12, "T", "SMD", "SDCARD_9", "", "R", 27.56, 62.99, 0, 270],
		[173, "SDCARD_10", 554.13, -745, "T", "SMD", "SDCARD_10", "", "R", 47.24, 55.12, 0, 270],
		[174, "SDCARD_11", 176.18, -744.88, "T", "SMD", "SDCARD_11", "", "R", 47.24, 86.61, 0, 270],
		[175, "SDCARD_12", 176.19, -1355.12, "T", "SMD", "SDCARD_12", "", "R", 47.24, 86.61, 0, 270],
		[176, "SDCARD_13", 554.13, -1319.68, "T", "SMD", "SDCARD_13", "", "R", 62.99, 55.12, 0, 270],
		[177, "SPEAKER_1", 1021.89, -315, "T", "DIP", "VCC", "", "C", 98.42, 98.42, 59.06, 0],
		[178, "SPEAKER_1", 1021.89, -315, "B", "DIP", "VCC", "", "C", 98.42, 98.42, 59.06, 0],
		[179, "SPEAKER_2", 1258.11, -315, "T", "DIP", "$1N5049", "", "C", 98.42, 98.42, 59.06, 0],
		[180, "SPEAKER_2", 1258.11, -315, "B", "DIP", "$1N5049", "", "C", 98.42, 98.42, 59.06, 0],
		[181, "SW_1", 4196.57, -85, "T", "DIP", "$1N4252", "", "C", 60, 60, 40, 180],
		[182, "SW_1", 4196.57, -85, "B", "DIP", "$1N4252", "", "C", 60, 60, 40, 180],
		[183, "SW_2", 4098.15, -85, "T", "DIP", "$1N4271", "", "C", 60, 60, 40, 180],
		[184, "SW_2", 4098.15, -85, "B", "DIP", "$1N4271", "", "C", 60, 60, 40, 180],
		[185, "SW_3", 3999.72, -85, "T", "DIP", "SW_3", "", "C", 60, 60, 40, 180],
		[186, "SW_3", 3999.72, -85, "B", "DIP", "SW_3", "", "C", 60, 60, 40, 180],
		[187, "TP4056_1", 4110, -985.5, "T", "SMD", "GND", "GND", "R", 23.62, 47.24, 0, 180],
		[188, "TP4056_2", 4060, -985.5, "T", "SMD", "$1N2801", "", "R", 23.62, 47.24, 0, 180],
		[189, "TP4056_3", 4010, -985.5, "T", "SMD", "GND", "GND", "R", 23.62, 47.24, 0, 180],
		[190, "TP4056_4", 3960, -985.5, "T", "SMD", "$1N3824", "", "R", 23.62, 47.24, 0, 180],
		[191, "TP4056_5", 3960, -1214.5, "T", "SMD", "$1N4252", "", "R", 23.62, 47.24, 0, 180],
		[192, "TP4056_6", 4010, -1214.5, "T", "SMD", "$1N3716", "", "R", 23.62, 47.24, 0, 180],
		[193, "TP4056_7", 4060, -1214.5, "T", "SMD", "$1N3720", "", "R", 23.62, 47.24, 0, 180],
		[194, "TP4056_8", 4110, -1214.5, "T", "SMD", "$1N3824", "", "R", 23.62, 47.24, 0, 180],
		[195, "TP4056_9", 4035, -1100, "T", "SMD", "GND", "GND", "R", 129.92, 94.49, 0, 0],
		[196, "U10_1", 2535, -2035, "T", "DIP", "RC522_SPI_CS", "", "C", 62.99, 62.99, 39.37, 180],
		[197, "U10_1", 2535, -2035, "B", "DIP", "RC522_SPI_CS", "", "C", 62.99, 62.99, 39.37, 180],
		[198, "U10_2", 2435, -2035, "T", "DIP", "RC522_SPI_SCK", "", "C", 62.99, 62.99, 39.37, 180],
		[199, "U10_2", 2435, -2035, "B", "DIP", "RC522_SPI_SCK", "", "C", 62.99, 62.99, 39.37, 180],
		[200, "U10_3", 2335, -2035, "T", "DIP", "RC522_SPI_MOSI", "", "C", 62.99, 62.99, 39.37, 180],
		[201, "U10_3", 2335, -2035, "B", "DIP", "RC522_SPI_MOSI", "", "C", 62.99, 62.99, 39.37, 180],
		[202, "U10_4", 2235, -2035, "T", "DIP", "RC522_SPI_MISO", "", "C", 62.99, 62.99, 39.37, 180],
		[203, "U10_4", 2235, -2035, "B", "DIP", "RC522_SPI_MISO", "", "C", 62.99, 62.99, 39.37, 180],
		[204, "U10_5", 2135, -2035, "T", "DIP", "U10_5", "", "C", 62.99, 62.99, 39.37, 180],
		[205, "U10_5", 2135, -2035, "B", "DIP", "U10_5", "", "C", 62.99, 62.99, 39.37, 180],
		[206, "U10_6", 2035, -2035, "T", "DIP", "GND", "GND", "C", 62.99, 62.99, 39.37, 180],
		[207, "U10_6", 2035, -2035, "B", "DIP", "GND", "GND", "C", 62.99, 62.99, 39.37, 180],
		[208, "U10_7", 1935, -2035, "T", "DIP", "RC522_RST", "", "C", 62.99, 62.99, 39.37, 180],
		[209, "U10_7", 1935, -2035, "B", "DIP", "RC522_RST", "", "C", 62.99, 62.99, 39.37, 180],
		[210, "U10_8", 1835, -2035, "T", "DIP", "VCC", "", "C", 62.99, 62.99, 39.37, 180],
		[211, "U10_8", 1835, -2035, "B", "DIP", "VCC", "", "C", 62.99, 62.99, 39.37, 180]
	]
}
}